Doba handlowa;Doba;Godzina;Krajowe zapotrzebowanie na moc [MW];Godzina szczytu;Data publikacji
"2025-01-21";"2025-01-21";"0";17563;"NORMALNE UŻYTKOWANIE";"2025-01-21 22:27"
"2025-01-21";"2025-01-21";"1";17188;"NORMALNE UŻYTKOWANIE";"2025-01-21 22:27"
"2025-01-21";"2025-01-21";"2";16875;"NORMALNE UŻYTKOWANIE";"2025-01-21 22:27"
"2025-01-21";"2025-01-21";"3";17013;"NORMALNE UŻYTKOWANIE";"2025-01-21 22:27"
"2025-01-21";"2025-01-21";"4";17350;"NORMALNE UŻYTKOWANIE";"2025-01-21 22:27"
"2025-01-21";"2025-01-21";"5";18300;"NORMALNE UŻYTKOWANIE";"2025-01-21 22:27"
"2025-01-21";"2025-01-21";"6";21375;"NORMALNE UŻYTKOWANIE";"2025-01-21 22:27"
"2025-01-21";"2025-01-21";"7";23400;"NORMALNE UŻYTKOWANIE";"2025-01-21 22:27"
"2025-01-21";"2025-01-21";"8";24025;"NORMALNE UŻYTKOWANIE";"2025-01-21 22:27"
"2025-01-21";"2025-01-21";"9";23963;"NORMALNE UŻYTKOWANIE";"2025-01-21 22:27"
"2025-01-21";"2025-01-21";"10";23475;"NORMALNE UŻYTKOWANIE";"2025-01-21 22:27"
"2025-01-21";"2025-01-21";"11";23650;"NORMALNE UŻYTKOWANIE";"2025-01-21 22:27"
"2025-01-21";"2025-01-21";"12";23763;"NORMALNE UŻYTKOWANIE";"2025-01-21 22:27"
"2025-01-21";"2025-01-21";"13";23863;"NORMALNE UŻYTKOWANIE";"2025-01-21 22:27"
"2025-01-21";"2025-01-21";"14";23850;"NORMALNE UŻYTKOWANIE";"2025-01-21 22:27"
"2025-01-21";"2025-01-21";"15";23913;"NORMALNE UŻYTKOWANIE";"2025-01-21 22:27"
"2025-01-21";"2025-01-21";"16";24513;"ZALECANE OSZCZĘDZANIE";"2025-01-21 22:27"
"2025-01-21";"2025-01-21";"17";24475;"ZALECANE OSZCZĘDZANIE";"2025-01-21 22:27"
"2025-01-21";"2025-01-21";"18";23963;"ZALECANE OSZCZĘDZANIE";"2025-01-21 22:27"
"2025-01-21";"2025-01-21";"19";23938;"NORMALNE UŻYTKOWANIE";"2025-01-21 22:27"
"2025-01-21";"2025-01-21";"20";23338;"NORMALNE UŻYTKOWANIE";"2025-01-21 22:27"
"2025-01-21";"2025-01-21";"21";21900;"NORMALNE UŻYTKOWANIE";"2025-01-21 22:27"
"2025-01-21";"2025-01-21";"22";20638;"NORMALNE UŻYTKOWANIE";"2025-01-21 22:27"
"2025-01-21";"2025-01-21";"23";18938;"NORMALNE UŻYTKOWANIE";"2025-01-21 22:27"
"2025-01-22";"2025-01-22";"0";17575;"NORMALNE UŻYTKOWANIE";"2025-01-23 01:11"
"2025-01-22";"2025-01-22";"1";17250;"NORMALNE UŻYTKOWANIE";"2025-01-23 01:11"
"2025-01-22";"2025-01-22";"2";17050;"NORMALNE UŻYTKOWANIE";"2025-01-23 01:11"
"2025-01-22";"2025-01-22";"3";17138;"NORMALNE UŻYTKOWANIE";"2025-01-23 01:11"
"2025-01-22";"2025-01-22";"4";17613;"NORMALNE UŻYTKOWANIE";"2025-01-23 01:11"
"2025-01-22";"2025-01-22";"5";18700;"NORMALNE UŻYTKOWANIE";"2025-01-23 01:11"
"2025-01-22";"2025-01-22";"6";21750;"NORMALNE UŻYTKOWANIE";"2025-01-23 01:11"
"2025-01-22";"2025-01-22";"7";23288;"NORMALNE UŻYTKOWANIE";"2025-01-23 01:11"
"2025-01-22";"2025-01-22";"8";24100;"ZALECANE OSZCZĘDZANIE";"2025-01-23 01:11"
"2025-01-22";"2025-01-22";"9";23863;"NORMALNE UŻYTKOWANIE";"2025-01-23 01:11"
"2025-01-22";"2025-01-22";"10";23400;"NORMALNE UŻYTKOWANIE";"2025-01-23 01:11"
"2025-01-22";"2025-01-22";"11";23688;"NORMALNE UŻYTKOWANIE";"2025-01-23 01:11"
"2025-01-22";"2025-01-22";"12";23263;"NORMALNE UŻYTKOWANIE";"2025-01-23 01:11"
"2025-01-22";"2025-01-22";"13";23063;"NORMALNE UŻYTKOWANIE";"2025-01-23 01:11"
"2025-01-22";"2025-01-22";"14";23125;"NORMALNE UŻYTKOWANIE";"2025-01-23 01:11"
"2025-01-22";"2025-01-22";"15";23813;"ZALECANE OSZCZĘDZANIE";"2025-01-23 01:11"
"2025-01-22";"2025-01-22";"16";24450;"ZALECANE OSZCZĘDZANIE";"2025-01-23 01:11"
"2025-01-22";"2025-01-22";"17";24338;"ZALECANE OSZCZĘDZANIE";"2025-01-23 01:11"
"2025-01-22";"2025-01-22";"18";24050;"NORMALNE UŻYTKOWANIE";"2025-01-23 01:11"
"2025-01-22";"2025-01-22";"19";24075;"NORMALNE UŻYTKOWANIE";"2025-01-23 01:11"
"2025-01-22";"2025-01-22";"20";23450;"NORMALNE UŻYTKOWANIE";"2025-01-23 01:11"
"2025-01-22";"2025-01-22";"21";21763;"NORMALNE UŻYTKOWANIE";"2025-01-23 01:11"
"2025-01-22";"2025-01-22";"22";20200;"NORMALNE UŻYTKOWANIE";"2025-01-23 01:11"
"2025-01-22";"2025-01-22";"23";18838;"NORMALNE UŻYTKOWANIE";"2025-01-23 01:11"
"2025-01-23";"2025-01-23";"0";18038;"NORMALNE UŻYTKOWANIE";"2025-01-23 22:30"
"2025-01-23";"2025-01-23";"1";17550;"NORMALNE UŻYTKOWANIE";"2025-01-23 22:30"
"2025-01-23";"2025-01-23";"2";17300;"NORMALNE UŻYTKOWANIE";"2025-01-23 22:30"
"2025-01-23";"2025-01-23";"3";17113;"NORMALNE UŻYTKOWANIE";"2025-01-23 22:30"
"2025-01-23";"2025-01-23";"4";17388;"NORMALNE UŻYTKOWANIE";"2025-01-23 22:30"
"2025-01-23";"2025-01-23";"5";18900;"NORMALNE UŻYTKOWANIE";"2025-01-23 22:30"
"2025-01-23";"2025-01-23";"6";21850;"NORMALNE UŻYTKOWANIE";"2025-01-23 22:30"
"2025-01-23";"2025-01-23";"7";23338;"ZALECANE OSZCZĘDZANIE";"2025-01-23 22:30"
"2025-01-23";"2025-01-23";"8";23588;"ZALECANE OSZCZĘDZANIE";"2025-01-23 22:30"
"2025-01-23";"2025-01-23";"9";23400;"ZALECANE OSZCZĘDZANIE";"2025-01-23 22:30"
"2025-01-23";"2025-01-23";"10";23388;"NORMALNE UŻYTKOWANIE";"2025-01-23 22:30"
"2025-01-23";"2025-01-23";"11";23775;"NORMALNE UŻYTKOWANIE";"2025-01-23 22:30"
"2025-01-23";"2025-01-23";"12";23688;"NORMALNE UŻYTKOWANIE";"2025-01-23 22:30"
"2025-01-23";"2025-01-23";"13";23738;"NORMALNE UŻYTKOWANIE";"2025-01-23 22:30"
"2025-01-23";"2025-01-23";"14";23675;"NORMALNE UŻYTKOWANIE";"2025-01-23 22:30"
"2025-01-23";"2025-01-23";"15";23538;"NORMALNE UŻYTKOWANIE";"2025-01-23 22:30"
"2025-01-23";"2025-01-23";"16";23950;"NORMALNE UŻYTKOWANIE";"2025-01-23 22:30"
"2025-01-23";"2025-01-23";"17";23838;"NORMALNE UŻYTKOWANIE";"2025-01-23 22:30"
"2025-01-23";"2025-01-23";"18";23575;"NORMALNE UŻYTKOWANIE";"2025-01-23 22:30"
"2025-01-23";"2025-01-23";"19";23400;"NORMALNE UŻYTKOWANIE";"2025-01-23 22:30"
"2025-01-23";"2025-01-23";"20";22625;"NORMALNE UŻYTKOWANIE";"2025-01-23 22:30"
"2025-01-23";"2025-01-23";"21";20938;"NORMALNE UŻYTKOWANIE";"2025-01-23 22:30"
"2025-01-23";"2025-01-23";"22";19650;"ZALECANE UŻYTKOWANIE";"2025-01-23 22:30"
"2025-01-23";"2025-01-23";"23";18313;"ZALECANE UŻYTKOWANIE";"2025-01-23 22:30"
"2025-01-24";"2025-01-24";"0";17375;"ZALECANE UŻYTKOWANIE";"2025-01-24 22:37"
"2025-01-24";"2025-01-24";"1";16950;"ZALECANE UŻYTKOWANIE";"2025-01-24 22:37"
"2025-01-24";"2025-01-24";"2";16750;"ZALECANE UŻYTKOWANIE";"2025-01-24 22:37"
"2025-01-24";"2025-01-24";"3";16813;"ZALECANE UŻYTKOWANIE";"2025-01-24 22:37"
"2025-01-24";"2025-01-24";"4";17313;"NORMALNE UŻYTKOWANIE";"2025-01-24 22:37"
"2025-01-24";"2025-01-24";"5";18525;"NORMALNE UŻYTKOWANIE";"2025-01-24 22:37"
"2025-01-24";"2025-01-24";"6";21225;"NORMALNE UŻYTKOWANIE";"2025-01-24 22:37"
"2025-01-24";"2025-01-24";"7";22538;"ZALECANE OSZCZĘDZANIE";"2025-01-24 22:37"
"2025-01-24";"2025-01-24";"8";23113;"ZALECANE OSZCZĘDZANIE";"2025-01-24 22:37"
"2025-01-24";"2025-01-24";"9";23225;"NORMALNE UŻYTKOWANIE";"2025-01-24 22:37"
"2025-01-24";"2025-01-24";"10";23013;"NORMALNE UŻYTKOWANIE";"2025-01-24 22:37"
"2025-01-24";"2025-01-24";"11";22313;"NORMALNE UŻYTKOWANIE";"2025-01-24 22:37"
"2025-01-24";"2025-01-24";"12";21663;"NORMALNE UŻYTKOWANIE";"2025-01-24 22:37"
"2025-01-24";"2025-01-24";"13";21675;"NORMALNE UŻYTKOWANIE";"2025-01-24 22:37"
"2025-01-24";"2025-01-24";"14";21975;"NORMALNE UŻYTKOWANIE";"2025-01-24 22:37"
"2025-01-24";"2025-01-24";"15";23150;"NORMALNE UŻYTKOWANIE";"2025-01-24 22:37"
"2025-01-24";"2025-01-24";"16";23150;"ZALECANE OSZCZĘDZANIE";"2025-01-24 22:37"
"2025-01-24";"2025-01-24";"17";23563;"NORMALNE UŻYTKOWANIE";"2025-01-24 22:37"
"2025-01-24";"2025-01-24";"18";23800;"NORMALNE UŻYTKOWANIE";"2025-01-24 22:37"
"2025-01-24";"2025-01-24";"19";23750;"NORMALNE UŻYTKOWANIE";"2025-01-24 22:37"
"2025-01-24";"2025-01-24";"20";22550;"NORMALNE UŻYTKOWANIE";"2025-01-24 22:37"
"2025-01-24";"2025-01-24";"21";20863;"NORMALNE UŻYTKOWANIE";"2025-01-24 22:37"
"2025-01-24";"2025-01-24";"22";19450;"ZALECANE UŻYTKOWANIE";"2025-01-24 22:37"
"2025-01-24";"2025-01-24";"23";18163;"ZALECANE UŻYTKOWANIE";"2025-01-24 22:37"
"2025-01-25";"2025-01-25";"0";16963;"ZALECANE UŻYTKOWANIE";"2025-01-25 22:27"
"2025-01-25";"2025-01-25";"1";16463;"ZALECANE UŻYTKOWANIE";"2025-01-25 22:27"
"2025-01-25";"2025-01-25";"2";16300;"ZALECANE UŻYTKOWANIE";"2025-01-25 22:27"
"2025-01-25";"2025-01-25";"3";16150;"ZALECANE UŻYTKOWANIE";"2025-01-25 22:27"
"2025-01-25";"2025-01-25";"4";16163;"NORMALNE UŻYTKOWANIE";"2025-01-25 22:27"
"2025-01-25";"2025-01-25";"5";16525;"NORMALNE UŻYTKOWANIE";"2025-01-25 22:27"
"2025-01-25";"2025-01-25";"6";17388;"NORMALNE UŻYTKOWANIE";"2025-01-25 22:27"
"2025-01-25";"2025-01-25";"7";18188;"NORMALNE UŻYTKOWANIE";"2025-01-25 22:27"
"2025-01-25";"2025-01-25";"8";19188;"NORMALNE UŻYTKOWANIE";"2025-01-25 22:27"
"2025-01-25";"2025-01-25";"9";19375;"NORMALNE UŻYTKOWANIE";"2025-01-25 22:27"
"2025-01-25";"2025-01-25";"10";19250;"NORMALNE UŻYTKOWANIE";"2025-01-25 22:27"
"2025-01-25";"2025-01-25";"11";19475;"NORMALNE UŻYTKOWANIE";"2025-01-25 22:27"
"2025-01-25";"2025-01-25";"12";19650;"NORMALNE UŻYTKOWANIE";"2025-01-25 22:27"
"2025-01-25";"2025-01-25";"13";19550;"NORMALNE UŻYTKOWANIE";"2025-01-25 22:27"
"2025-01-25";"2025-01-25";"14";20163;"NORMALNE UŻYTKOWANIE";"2025-01-25 22:27"
"2025-01-25";"2025-01-25";"15";19888;"NORMALNE UŻYTKOWANIE";"2025-01-25 22:27"
"2025-01-25";"2025-01-25";"16";19963;"NORMALNE UŻYTKOWANIE";"2025-01-25 22:27"
"2025-01-25";"2025-01-25";"17";20738;"NORMALNE UŻYTKOWANIE";"2025-01-25 22:27"
"2025-01-25";"2025-01-25";"18";20063;"ZALECANE OSZCZĘDZANIE";"2025-01-25 22:27"
"2025-01-25";"2025-01-25";"19";19675;"NORMALNE UŻYTKOWANIE";"2025-01-25 22:27"
"2025-01-25";"2025-01-25";"20";19250;"ZALECANE OSZCZĘDZANIE";"2025-01-25 22:27"
"2025-01-25";"2025-01-25";"21";18125;"ZALECANE OSZCZĘDZANIE";"2025-01-25 22:27"
"2025-01-25";"2025-01-25";"22";17013;"NORMALNE UŻYTKOWANIE";"2025-01-25 22:27"
"2025-01-25";"2025-01-25";"23";15825;"NORMALNE UŻYTKOWANIE";"2025-01-25 22:27"
"2025-01-26";"2025-01-26";"0";15363;"ZALECANE OSZCZĘDZANIE";"2025-01-26 23:38"
"2025-01-26";"2025-01-26";"1";14338;"NORMALNE UŻYTKOWANIE";"2025-01-26 23:38"
"2025-01-26";"2025-01-26";"2";14225;"NORMALNE UŻYTKOWANIE";"2025-01-26 23:38"
"2025-01-26";"2025-01-26";"3";14200;"NORMALNE UŻYTKOWANIE";"2025-01-26 23:38"
"2025-01-26";"2025-01-26";"4";14213;"NORMALNE UŻYTKOWANIE";"2025-01-26 23:38"
"2025-01-26";"2025-01-26";"5";14425;"NORMALNE UŻYTKOWANIE";"2025-01-26 23:38"
"2025-01-26";"2025-01-26";"6";15138;"NORMALNE UŻYTKOWANIE";"2025-01-26 23:38"
"2025-01-26";"2025-01-26";"7";15663;"NORMALNE UŻYTKOWANIE";"2025-01-26 23:38"
"2025-01-26";"2025-01-26";"8";16525;"ZALECANE OSZCZĘDZANIE";"2025-01-26 23:38"
"2025-01-26";"2025-01-26";"9";17200;"NORMALNE UŻYTKOWANIE";"2025-01-26 23:38"
"2025-01-26";"2025-01-26";"10";17850;"NORMALNE UŻYTKOWANIE";"2025-01-26 23:38"
"2025-01-26";"2025-01-26";"11";17975;"NORMALNE UŻYTKOWANIE";"2025-01-26 23:38"
"2025-01-26";"2025-01-26";"12";17663;"NORMALNE UŻYTKOWANIE";"2025-01-26 23:38"
"2025-01-26";"2025-01-26";"13";17988;"ZALECANE UŻYTKOWANIE";"2025-01-26 23:38"
"2025-01-26";"2025-01-26";"14";18425;"NORMALNE UŻYTKOWANIE";"2025-01-26 23:38"
"2025-01-26";"2025-01-26";"15";18063;"NORMALNE UŻYTKOWANIE";"2025-01-26 23:38"
"2025-01-26";"2025-01-26";"16";18163;"NORMALNE UŻYTKOWANIE";"2025-01-26 23:38"
"2025-01-26";"2025-01-26";"17";18900;"ZALECANE OSZCZĘDZANIE";"2025-01-26 23:38"
"2025-01-26";"2025-01-26";"18";18950;"NORMALNE UŻYTKOWANIE";"2025-01-26 23:38"
"2025-01-26";"2025-01-26";"19";19100;"NORMALNE UŻYTKOWANIE";"2025-01-26 23:38"
"2025-01-26";"2025-01-26";"20";18625;"NORMALNE UŻYTKOWANIE";"2025-01-26 23:38"
"2025-01-26";"2025-01-26";"21";17438;"ZALECANE UŻYTKOWANIE";"2025-01-26 23:38"
"2025-01-26";"2025-01-26";"22";16975;"NORMALNE UŻYTKOWANIE";"2025-01-26 23:38"
"2025-01-26";"2025-01-26";"23";15988;"ZALECANE UŻYTKOWANIE";"2025-01-26 23:38"
"2025-01-27";"2025-01-27";"0";15175;"ZALECANE UŻYTKOWANIE";"2025-01-27 22:27"
"2025-01-27";"2025-01-27";"1";14913;"ZALECANE UŻYTKOWANIE";"2025-01-27 22:27"
"2025-01-27";"2025-01-27";"2";14800;"ZALECANE UŻYTKOWANIE";"2025-01-27 22:27"
"2025-01-27";"2025-01-27";"3";14613;"ZALECANE UŻYTKOWANIE";"2025-01-27 22:27"
"2025-01-27";"2025-01-27";"4";15038;"ZALECANE UŻYTKOWANIE";"2025-01-27 22:27"
"2025-01-27";"2025-01-27";"5";16525;"ZALECANE UŻYTKOWANIE";"2025-01-27 22:27"
"2025-01-27";"2025-01-27";"6";19688;"NORMALNE UŻYTKOWANIE";"2025-01-27 22:27"
"2025-01-27";"2025-01-27";"7";21950;"NORMALNE UŻYTKOWANIE";"2025-01-27 22:27"
"2025-01-27";"2025-01-27";"8";22213;"NORMALNE UŻYTKOWANIE";"2025-01-27 22:27"
"2025-01-27";"2025-01-27";"9";22163;"NORMALNE UŻYTKOWANIE";"2025-01-27 22:27"
"2025-01-27";"2025-01-27";"10";21713;"ZALECANE UŻYTKOWANIE";"2025-01-27 22:27"
"2025-01-27";"2025-01-27";"11";22100;"ZALECANE UŻYTKOWANIE";"2025-01-27 22:27"
"2025-01-27";"2025-01-27";"12";22013;"ZALECANE UŻYTKOWANIE";"2025-01-27 22:27"
"2025-01-27";"2025-01-27";"13";22000;"ZALECANE UŻYTKOWANIE";"2025-01-27 22:27"
"2025-01-27";"2025-01-27";"14";22125;"NORMALNE UŻYTKOWANIE";"2025-01-27 22:27"
"2025-01-27";"2025-01-27";"15";22550;"ZALECANE OSZCZĘDZANIE";"2025-01-27 22:27"
"2025-01-27";"2025-01-27";"16";22438;"NORMALNE UŻYTKOWANIE";"2025-01-27 22:27"
"2025-01-27";"2025-01-27";"17";22938;"ZALECANE OSZCZĘDZANIE";"2025-01-27 22:27"
"2025-01-27";"2025-01-27";"18";22713;"ZALECANE OSZCZĘDZANIE";"2025-01-27 22:27"
"2025-01-27";"2025-01-27";"19";22638;"NORMALNE UŻYTKOWANIE";"2025-01-27 22:27"
"2025-01-27";"2025-01-27";"20";21850;"NORMALNE UŻYTKOWANIE";"2025-01-27 22:27"
"2025-01-27";"2025-01-27";"21";20338;"NORMALNE UŻYTKOWANIE";"2025-01-27 22:27"
"2025-01-27";"2025-01-27";"22";19150;"NORMALNE UŻYTKOWANIE";"2025-01-27 22:27"
"2025-01-27";"2025-01-27";"23";17825;"ZALECANE UŻYTKOWANIE";"2025-01-27 22:27"
"2025-01-28";"2025-01-28";"0";16363;"ZALECANE UŻYTKOWANIE";"2025-01-28 22:28"
"2025-01-28";"2025-01-28";"1";15750;"ZALECANE UŻYTKOWANIE";"2025-01-28 22:28"
"2025-01-28";"2025-01-28";"2";15575;"ZALECANE UŻYTKOWANIE";"2025-01-28 22:28"
"2025-01-28";"2025-01-28";"3";15863;"ZALECANE UŻYTKOWANIE";"2025-01-28 22:28"
"2025-01-28";"2025-01-28";"4";15950;"ZALECANE UŻYTKOWANIE";"2025-01-28 22:28"
"2025-01-28";"2025-01-28";"5";16988;"ZALECANE UŻYTKOWANIE";"2025-01-28 22:28"
"2025-01-28";"2025-01-28";"6";20238;"NORMALNE UŻYTKOWANIE";"2025-01-28 22:28"
"2025-01-28";"2025-01-28";"7";21788;"NORMALNE UŻYTKOWANIE";"2025-01-28 22:28"
"2025-01-28";"2025-01-28";"8";22075;"NORMALNE UŻYTKOWANIE";"2025-01-28 22:28"
"2025-01-28";"2025-01-28";"9";21888;"NORMALNE UŻYTKOWANIE";"2025-01-28 22:28"
"2025-01-28";"2025-01-28";"10";22150;"NORMALNE UŻYTKOWANIE";"2025-01-28 22:28"
"2025-01-28";"2025-01-28";"11";22263;"NORMALNE UŻYTKOWANIE";"2025-01-28 22:28"
"2025-01-28";"2025-01-28";"12";22250;"NORMALNE UŻYTKOWANIE";"2025-01-28 22:28"
"2025-01-28";"2025-01-28";"13";22188;"NORMALNE UŻYTKOWANIE";"2025-01-28 22:28"
"2025-01-28";"2025-01-28";"14";22125;"NORMALNE UŻYTKOWANIE";"2025-01-28 22:28"
"2025-01-28";"2025-01-28";"15";22238;"NORMALNE UŻYTKOWANIE";"2025-01-28 22:28"
"2025-01-28";"2025-01-28";"16";22738;"ZALECANE OSZCZĘDZANIE";"2025-01-28 22:28"
"2025-01-28";"2025-01-28";"17";22838;"ZALECANE OSZCZĘDZANIE";"2025-01-28 22:28"
"2025-01-28";"2025-01-28";"18";22550;"NORMALNE UŻYTKOWANIE";"2025-01-28 22:28"
"2025-01-28";"2025-01-28";"19";22788;"ZALECANE OSZCZĘDZANIE";"2025-01-28 22:28"
"2025-01-28";"2025-01-28";"20";21900;"NORMALNE UŻYTKOWANIE";"2025-01-28 22:28"
"2025-01-28";"2025-01-28";"21";20488;"NORMALNE UŻYTKOWANIE";"2025-01-28 22:28"
"2025-01-28";"2025-01-28";"22";18700;"NORMALNE UŻYTKOWANIE";"2025-01-28 22:28"
"2025-01-28";"2025-01-28";"23";17500;"NORMALNE UŻYTKOWANIE";"2025-01-28 22:28"
"2025-01-29";"2025-01-29";"0";16025;"ZALECANE UŻYTKOWANIE";"2025-01-30 01:03"
"2025-01-29";"2025-01-29";"1";15813;"NORMALNE UŻYTKOWANIE";"2025-01-30 01:03"
"2025-01-29";"2025-01-29";"2";15775;"NORMALNE UŻYTKOWANIE";"2025-01-30 01:03"
"2025-01-29";"2025-01-29";"3";15863;"NORMALNE UŻYTKOWANIE";"2025-01-30 01:03"
"2025-01-29";"2025-01-29";"4";16300;"NORMALNE UŻYTKOWANIE";"2025-01-30 01:03"
"2025-01-29";"2025-01-29";"5";17363;"NORMALNE UŻYTKOWANIE";"2025-01-30 01:03"
"2025-01-29";"2025-01-29";"6";20100;"NORMALNE UŻYTKOWANIE";"2025-01-30 01:03"
"2025-01-29";"2025-01-29";"7";21788;"ZALECANE OSZCZĘDZANIE";"2025-01-30 01:03"
"2025-01-29";"2025-01-29";"8";21875;"NORMALNE UŻYTKOWANIE";"2025-01-30 01:03"
"2025-01-29";"2025-01-29";"9";21788;"NORMALNE UŻYTKOWANIE";"2025-01-30 01:03"
"2025-01-29";"2025-01-29";"10";21263;"NORMALNE UŻYTKOWANIE";"2025-01-30 01:03"
"2025-01-29";"2025-01-29";"11";21450;"ZALECANE UŻYTKOWANIE";"2025-01-30 01:03"
"2025-01-29";"2025-01-29";"12";21588;"ZALECANE UŻYTKOWANIE";"2025-01-30 01:03"
"2025-01-29";"2025-01-29";"13";21525;"NORMALNE UŻYTKOWANIE";"2025-01-30 01:03"
"2025-01-29";"2025-01-29";"14";21413;"NORMALNE UŻYTKOWANIE";"2025-01-30 01:03"
"2025-01-29";"2025-01-29";"15";22075;"NORMALNE UŻYTKOWANIE";"2025-01-30 01:03"
"2025-01-29";"2025-01-29";"16";22738;"ZALECANE OSZCZĘDZANIE";"2025-01-30 01:03"
"2025-01-29";"2025-01-29";"17";22875;"ZALECANE OSZCZĘDZANIE";"2025-01-30 01:03"
"2025-01-29";"2025-01-29";"18";22700;"NORMALNE UŻYTKOWANIE";"2025-01-30 01:03"
"2025-01-29";"2025-01-29";"19";22625;"NORMALNE UŻYTKOWANIE";"2025-01-30 01:03"
"2025-01-29";"2025-01-29";"20";22150;"NORMALNE UŻYTKOWANIE";"2025-01-30 01:03"
"2025-01-29";"2025-01-29";"21";20438;"NORMALNE UŻYTKOWANIE";"2025-01-30 01:03"
"2025-01-29";"2025-01-29";"22";18913;"NORMALNE UŻYTKOWANIE";"2025-01-30 01:03"
"2025-01-29";"2025-01-29";"23";17788;"NORMALNE UŻYTKOWANIE";"2025-01-30 01:03"
"2025-01-30";"2025-01-30";"0";16638;"ZALECANE UŻYTKOWANIE";"2025-01-31 00:27"
"2025-01-30";"2025-01-30";"1";16325;"ZALECANE UŻYTKOWANIE";"2025-01-31 00:27"
"2025-01-30";"2025-01-30";"2";16138;"ZALECANE UŻYTKOWANIE";"2025-01-31 00:27"
"2025-01-30";"2025-01-30";"3";15888;"ZALECANE UŻYTKOWANIE";"2025-01-31 00:27"
"2025-01-30";"2025-01-30";"4";16338;"ZALECANE UŻYTKOWANIE";"2025-01-31 00:27"
"2025-01-30";"2025-01-30";"5";17375;"NORMALNE UŻYTKOWANIE";"2025-01-31 00:27"
"2025-01-30";"2025-01-30";"6";20213;"NORMALNE UŻYTKOWANIE";"2025-01-31 00:27"
"2025-01-30";"2025-01-30";"7";21938;"NORMALNE UŻYTKOWANIE";"2025-01-31 00:27"
"2025-01-30";"2025-01-30";"8";22538;"NORMALNE UŻYTKOWANIE";"2025-01-31 00:27"
"2025-01-30";"2025-01-30";"9";21838;"NORMALNE UŻYTKOWANIE";"2025-01-31 00:27"
"2025-01-30";"2025-01-30";"10";21725;"NORMALNE UŻYTKOWANIE";"2025-01-31 00:27"
"2025-01-30";"2025-01-30";"11";21425;"NORMALNE UŻYTKOWANIE";"2025-01-31 00:27"
"2025-01-30";"2025-01-30";"12";21388;"NORMALNE UŻYTKOWANIE";"2025-01-31 00:27"
"2025-01-30";"2025-01-30";"13";21500;"NORMALNE UŻYTKOWANIE";"2025-01-31 00:27"
"2025-01-30";"2025-01-30";"14";21463;"NORMALNE UŻYTKOWANIE";"2025-01-31 00:27"
"2025-01-30";"2025-01-30";"15";22113;"NORMALNE UŻYTKOWANIE";"2025-01-31 00:27"
"2025-01-30";"2025-01-30";"16";22525;"ZALECANE OSZCZĘDZANIE";"2025-01-31 00:27"
"2025-01-30";"2025-01-30";"17";22788;"ZALECANE OSZCZĘDZANIE";"2025-01-31 00:27"
"2025-01-30";"2025-01-30";"18";22650;"ZALECANE OSZCZĘDZANIE";"2025-01-31 00:27"
"2025-01-30";"2025-01-30";"19";22300;"NORMALNE UŻYTKOWANIE";"2025-01-31 00:27"
"2025-01-30";"2025-01-30";"20";21988;"NORMALNE UŻYTKOWANIE";"2025-01-31 00:27"
"2025-01-30";"2025-01-30";"21";20600;"NORMALNE UŻYTKOWANIE";"2025-01-31 00:27"
"2025-01-30";"2025-01-30";"22";19100;"NORMALNE UŻYTKOWANIE";"2025-01-31 00:27"
"2025-01-30";"2025-01-30";"23";17238;"NORMALNE UŻYTKOWANIE";"2025-01-31 00:27"
"2025-01-31";"2025-01-31";"0";16625;"NORMALNE UŻYTKOWANIE";"2025-01-31 22:24"
"2025-01-31";"2025-01-31";"1";16163;"NORMALNE UŻYTKOWANIE";"2025-01-31 22:24"
"2025-01-31";"2025-01-31";"2";15925;"NORMALNE UŻYTKOWANIE";"2025-01-31 22:24"
"2025-01-31";"2025-01-31";"3";16038;"NORMALNE UŻYTKOWANIE";"2025-01-31 22:24"
"2025-01-31";"2025-01-31";"4";16825;"NORMALNE UŻYTKOWANIE";"2025-01-31 22:24"
"2025-01-31";"2025-01-31";"5";18125;"NORMALNE UŻYTKOWANIE";"2025-01-31 22:24"
"2025-01-31";"2025-01-31";"6";20550;"NORMALNE UŻYTKOWANIE";"2025-01-31 22:24"
"2025-01-31";"2025-01-31";"7";22075;"NORMALNE UŻYTKOWANIE";"2025-01-31 22:24"
"2025-01-31";"2025-01-31";"8";22538;"NORMALNE UŻYTKOWANIE";"2025-01-31 22:24"
"2025-01-31";"2025-01-31";"9";22438;"NORMALNE UŻYTKOWANIE";"2025-01-31 22:24"
"2025-01-31";"2025-01-31";"10";22413;"NORMALNE UŻYTKOWANIE";"2025-01-31 22:24"
"2025-01-31";"2025-01-31";"11";22638;"NORMALNE UŻYTKOWANIE";"2025-01-31 22:24"
"2025-01-31";"2025-01-31";"12";22475;"NORMALNE UŻYTKOWANIE";"2025-01-31 22:24"
"2025-01-31";"2025-01-31";"13";23025;"NORMALNE UŻYTKOWANIE";"2025-01-31 22:24"
"2025-01-31";"2025-01-31";"14";22925;"NORMALNE UŻYTKOWANIE";"2025-01-31 22:24"
"2025-01-31";"2025-01-31";"15";22675;"NORMALNE UŻYTKOWANIE";"2025-01-31 22:24"
"2025-01-31";"2025-01-31";"16";22688;"NORMALNE UŻYTKOWANIE";"2025-01-31 22:24"
"2025-01-31";"2025-01-31";"17";22563;"NORMALNE UŻYTKOWANIE";"2025-01-31 22:24"
"2025-01-31";"2025-01-31";"18";22975;"ZALECANE OSZCZĘDZANIE";"2025-01-31 22:24"
"2025-01-31";"2025-01-31";"19";22763;"ZALECANE OSZCZĘDZANIE";"2025-01-31 22:24"
"2025-01-31";"2025-01-31";"20";22175;"ZALECANE OSZCZĘDZANIE";"2025-01-31 22:24"
"2025-01-31";"2025-01-31";"21";20638;"NORMALNE UŻYTKOWANIE";"2025-01-31 22:24"
"2025-01-31";"2025-01-31";"22";19288;"NORMALNE UŻYTKOWANIE";"2025-01-31 22:24"
"2025-01-31";"2025-01-31";"23";18100;"NORMALNE UŻYTKOWANIE";"2025-01-31 22:24"
"2025-02-01";"2025-02-01";"0";16488;"NORMALNE UŻYTKOWANIE";"2025-02-02 08:44"
"2025-02-01";"2025-02-01";"1";16013;"NORMALNE UŻYTKOWANIE";"2025-02-02 08:44"
"2025-02-01";"2025-02-01";"2";15863;"NORMALNE UŻYTKOWANIE";"2025-02-02 08:44"
"2025-02-01";"2025-02-01";"3";15850;"NORMALNE UŻYTKOWANIE";"2025-02-02 08:44"
"2025-02-01";"2025-02-01";"4";15950;"NORMALNE UŻYTKOWANIE";"2025-02-02 08:44"
"2025-02-01";"2025-02-01";"5";16300;"NORMALNE UŻYTKOWANIE";"2025-02-02 08:44"
"2025-02-01";"2025-02-01";"6";17363;"NORMALNE UŻYTKOWANIE";"2025-02-02 08:44"
"2025-02-01";"2025-02-01";"7";18313;"NORMALNE UŻYTKOWANIE";"2025-02-02 08:44"
"2025-02-01";"2025-02-01";"8";19225;"NORMALNE UŻYTKOWANIE";"2025-02-02 08:44"
"2025-02-01";"2025-02-01";"9";20163;"NORMALNE UŻYTKOWANIE";"2025-02-02 08:44"
"2025-02-01";"2025-02-01";"10";20125;"NORMALNE UŻYTKOWANIE";"2025-02-02 08:44"
"2025-02-01";"2025-02-01";"11";20275;"NORMALNE UŻYTKOWANIE";"2025-02-02 08:44"
"2025-02-01";"2025-02-01";"12";20400;"NORMALNE UŻYTKOWANIE";"2025-02-02 08:44"
"2025-02-01";"2025-02-01";"13";20663;"NORMALNE UŻYTKOWANIE";"2025-02-02 08:44"
"2025-02-01";"2025-02-01";"14";20038;"NORMALNE UŻYTKOWANIE";"2025-02-02 08:44"
"2025-02-01";"2025-02-01";"15";20075;"NORMALNE UŻYTKOWANIE";"2025-02-02 08:44"
"2025-02-01";"2025-02-01";"16";20325;"NORMALNE UŻYTKOWANIE";"2025-02-02 08:44"
"2025-02-01";"2025-02-01";"17";20800;"ZALECANE OSZCZĘDZANIE";"2025-02-02 08:44"
"2025-02-01";"2025-02-01";"18";20150;"ZALECANE OSZCZĘDZANIE";"2025-02-02 08:44"
"2025-02-01";"2025-02-01";"19";20261;"ZALECANE OSZCZĘDZANIE";"2025-02-02 08:44"
"2025-02-01";"2025-02-01";"20";19288;"NORMALNE UŻYTKOWANIE";"2025-02-02 08:44"
"2025-02-01";"2025-02-01";"21";18625;"NORMALNE UŻYTKOWANIE";"2025-02-02 08:44"
"2025-02-01";"2025-02-01";"22";17725;"NORMALNE UŻYTKOWANIE";"2025-02-02 08:44"
"2025-02-01";"2025-02-01";"23";16263;"NORMALNE UŻYTKOWANIE";"2025-02-02 08:44"
"2025-02-02";"2025-02-02";"0";15338;"NORMALNE UŻYTKOWANIE";"2025-02-02 22:30"
"2025-02-02";"2025-02-02";"1";14675;"NORMALNE UŻYTKOWANIE";"2025-02-02 22:30"
"2025-02-02";"2025-02-02";"2";14313;"NORMALNE UŻYTKOWANIE";"2025-02-02 22:30"
"2025-02-02";"2025-02-02";"3";14250;"NORMALNE UŻYTKOWANIE";"2025-02-02 22:30"
"2025-02-02";"2025-02-02";"4";14300;"NORMALNE UŻYTKOWANIE";"2025-02-02 22:30"
"2025-02-02";"2025-02-02";"5";14688;"NORMALNE UŻYTKOWANIE";"2025-02-02 22:30"
"2025-02-02";"2025-02-02";"6";15275;"NORMALNE UŻYTKOWANIE";"2025-02-02 22:30"
"2025-02-02";"2025-02-02";"7";15950;"NORMALNE UŻYTKOWANIE";"2025-02-02 22:30"
"2025-02-02";"2025-02-02";"8";16538;"NORMALNE UŻYTKOWANIE";"2025-02-02 22:30"
"2025-02-02";"2025-02-02";"9";17213;"NORMALNE UŻYTKOWANIE";"2025-02-02 22:30"
"2025-02-02";"2025-02-02";"10";17963;"NORMALNE UŻYTKOWANIE";"2025-02-02 22:30"
"2025-02-02";"2025-02-02";"11";18213;"NORMALNE UŻYTKOWANIE";"2025-02-02 22:30"
"2025-02-02";"2025-02-02";"12";18325;"NORMALNE UŻYTKOWANIE";"2025-02-02 22:30"
"2025-02-02";"2025-02-02";"13";18488;"NORMALNE UŻYTKOWANIE";"2025-02-02 22:30"
"2025-02-02";"2025-02-02";"14";18200;"NORMALNE UŻYTKOWANIE";"2025-02-02 22:30"
"2025-02-02";"2025-02-02";"15";18363;"NORMALNE UŻYTKOWANIE";"2025-02-02 22:30"
"2025-02-02";"2025-02-02";"16";18713;"NORMALNE UŻYTKOWANIE";"2025-02-02 22:30"
"2025-02-02";"2025-02-02";"17";19513;"ZALECANE OSZCZĘDZANIE";"2025-02-02 22:30"
"2025-02-02";"2025-02-02";"18";19538;"ZALECANE OSZCZĘDZANIE";"2025-02-02 22:30"
"2025-02-02";"2025-02-02";"19";19513;"ZALECANE OSZCZĘDZANIE";"2025-02-02 22:30"
"2025-02-02";"2025-02-02";"20";19088;"NORMALNE UŻYTKOWANIE";"2025-02-02 22:30"
"2025-02-02";"2025-02-02";"21";18550;"NORMALNE UŻYTKOWANIE";"2025-02-02 22:30"
"2025-02-02";"2025-02-02";"22";17388;"NORMALNE UŻYTKOWANIE";"2025-02-02 22:30"
"2025-02-02";"2025-02-02";"23";16325;"NORMALNE UŻYTKOWANIE";"2025-02-02 22:30"
"2025-02-03";"2025-02-03";"0";15713;"NORMALNE UŻYTKOWANIE";"2025-02-04 01:46"
"2025-02-03";"2025-02-03";"1";15288;"NORMALNE UŻYTKOWANIE";"2025-02-04 01:46"
"2025-02-03";"2025-02-03";"2";15350;"NORMALNE UŻYTKOWANIE";"2025-02-04 01:46"
"2025-02-03";"2025-02-03";"3";15338;"NORMALNE UŻYTKOWANIE";"2025-02-04 01:46"
"2025-02-03";"2025-02-03";"4";15950;"NORMALNE UŻYTKOWANIE";"2025-02-04 01:46"
"2025-02-03";"2025-02-03";"5";17388;"NORMALNE UŻYTKOWANIE";"2025-02-04 01:46"
"2025-02-03";"2025-02-03";"6";20738;"NORMALNE UŻYTKOWANIE";"2025-02-04 01:46"
"2025-02-03";"2025-02-03";"7";22838;"ZALECANE OSZCZĘDZANIE";"2025-02-04 01:46"
"2025-02-03";"2025-02-03";"8";23438;"ZALECANE OSZCZĘDZANIE";"2025-02-04 01:46"
"2025-02-03";"2025-02-03";"9";23825;"NORMALNE UŻYTKOWANIE";"2025-02-04 01:46"
"2025-02-03";"2025-02-03";"10";22913;"NORMALNE UŻYTKOWANIE";"2025-02-04 01:46"
"2025-02-03";"2025-02-03";"11";22775;"NORMALNE UŻYTKOWANIE";"2025-02-04 01:46"
"2025-02-03";"2025-02-03";"12";22625;"NORMALNE UŻYTKOWANIE";"2025-02-04 01:46"
"2025-02-03";"2025-02-03";"13";23300;"NORMALNE UŻYTKOWANIE";"2025-02-04 01:46"
"2025-02-03";"2025-02-03";"14";22813;"NORMALNE UŻYTKOWANIE";"2025-02-04 01:46"
"2025-02-03";"2025-02-03";"15";22888;"NORMALNE UŻYTKOWANIE";"2025-02-04 01:46"
"2025-02-03";"2025-02-03";"16";23375;"NORMALNE UŻYTKOWANIE";"2025-02-04 01:46"
"2025-02-03";"2025-02-03";"17";23925;"ZALECANE OSZCZĘDZANIE";"2025-02-04 01:46"
"2025-02-03";"2025-02-03";"18";23525;"ZALECANE OSZCZĘDZANIE";"2025-02-04 01:46"
"2025-02-03";"2025-02-03";"19";23375;"NORMALNE UŻYTKOWANIE";"2025-02-04 01:46"
"2025-02-03";"2025-02-03";"20";23038;"ZALECANE OSZCZĘDZANIE";"2025-02-04 01:46"
"2025-02-03";"2025-02-03";"21";21525;"NORMALNE UŻYTKOWANIE";"2025-02-04 01:46"
"2025-02-03";"2025-02-03";"22";19925;"NORMALNE UŻYTKOWANIE";"2025-02-04 01:46"
"2025-02-03";"2025-02-03";"23";18363;"NORMALNE UŻYTKOWANIE";"2025-02-04 01:46"
"2025-02-04";"2025-02-04";"0";17600;"NORMALNE UŻYTKOWANIE";"2025-02-04 22:23"
"2025-02-04";"2025-02-04";"1";17025;"NORMALNE UŻYTKOWANIE";"2025-02-04 22:23"
"2025-02-04";"2025-02-04";"2";16800;"NORMALNE UŻYTKOWANIE";"2025-02-04 22:23"
"2025-02-04";"2025-02-04";"3";16888;"NORMALNE UŻYTKOWANIE";"2025-02-04 22:23"
"2025-02-04";"2025-02-04";"4";17488;"NORMALNE UŻYTKOWANIE";"2025-02-04 22:23"
"2025-02-04";"2025-02-04";"5";18113;"NORMALNE UŻYTKOWANIE";"2025-02-04 22:23"
"2025-02-04";"2025-02-04";"6";20963;"NORMALNE UŻYTKOWANIE";"2025-02-04 22:23"
"2025-02-04";"2025-02-04";"7";22750;"NORMALNE UŻYTKOWANIE";"2025-02-04 22:23"
"2025-02-04";"2025-02-04";"8";23513;"NORMALNE UŻYTKOWANIE";"2025-02-04 22:23"
"2025-02-04";"2025-02-04";"9";23213;"NORMALNE UŻYTKOWANIE";"2025-02-04 22:23"
"2025-02-04";"2025-02-04";"10";22700;"NORMALNE UŻYTKOWANIE";"2025-02-04 22:23"
"2025-02-04";"2025-02-04";"11";22975;"NORMALNE UŻYTKOWANIE";"2025-02-04 22:23"
"2025-02-04";"2025-02-04";"12";22613;"NORMALNE UŻYTKOWANIE";"2025-02-04 22:23"
"2025-02-04";"2025-02-04";"13";22088;"NORMALNE UŻYTKOWANIE";"2025-02-04 22:23"
"2025-02-04";"2025-02-04";"14";22000;"NORMALNE UŻYTKOWANIE";"2025-02-04 22:23"
"2025-02-04";"2025-02-04";"15";22438;"NORMALNE UŻYTKOWANIE";"2025-02-04 22:23"
"2025-02-04";"2025-02-04";"16";23150;"NORMALNE UŻYTKOWANIE";"2025-02-04 22:23"
"2025-02-04";"2025-02-04";"17";23975;"ZALECANE OSZCZĘDZANIE";"2025-02-04 22:23"
"2025-02-04";"2025-02-04";"18";23563;"ZALECANE OSZCZĘDZANIE";"2025-02-04 22:23"
"2025-02-04";"2025-02-04";"19";23325;"ZALECANE OSZCZĘDZANIE";"2025-02-04 22:23"
"2025-02-04";"2025-02-04";"20";22800;"NORMALNE UŻYTKOWANIE";"2025-02-04 22:23"
"2025-02-04";"2025-02-04";"21";21338;"NORMALNE UŻYTKOWANIE";"2025-02-04 22:23"
"2025-02-04";"2025-02-04";"22";19900;"NORMALNE UŻYTKOWANIE";"2025-02-04 22:23"
"2025-02-04";"2025-02-04";"23";18463;"NORMALNE UŻYTKOWANIE";"2025-02-04 22:23"
"2025-02-05";"2025-02-05";"0";17350;"NORMALNE UŻYTKOWANIE";"2025-02-05 23:42"
"2025-02-05";"2025-02-05";"1";17100;"NORMALNE UŻYTKOWANIE";"2025-02-05 23:42"
"2025-02-05";"2025-02-05";"2";16825;"NORMALNE UŻYTKOWANIE";"2025-02-05 23:42"
"2025-02-05";"2025-02-05";"3";17063;"NORMALNE UŻYTKOWANIE";"2025-02-05 23:42"
"2025-02-05";"2025-02-05";"4";17463;"NORMALNE UŻYTKOWANIE";"2025-02-05 23:42"
"2025-02-05";"2025-02-05";"5";18663;"NORMALNE UŻYTKOWANIE";"2025-02-05 23:42"
"2025-02-05";"2025-02-05";"6";21338;"NORMALNE UŻYTKOWANIE";"2025-02-05 23:42"
"2025-02-05";"2025-02-05";"7";22975;"ZALECANE OSZCZĘDZANIE";"2025-02-05 23:42"
"2025-02-05";"2025-02-05";"8";23500;"ZALECANE OSZCZĘDZANIE";"2025-02-05 23:42"
"2025-02-05";"2025-02-05";"9";22688;"NORMALNE UŻYTKOWANIE";"2025-02-05 23:42"
"2025-02-05";"2025-02-05";"10";21938;"NORMALNE UŻYTKOWANIE";"2025-02-05 23:42"
"2025-02-05";"2025-02-05";"11";22163;"NORMALNE UŻYTKOWANIE";"2025-02-05 23:42"
"2025-02-05";"2025-02-05";"12";21925;"NORMALNE UŻYTKOWANIE";"2025-02-05 23:42"
"2025-02-05";"2025-02-05";"13";21750;"NORMALNE UŻYTKOWANIE";"2025-02-05 23:42"
"2025-02-05";"2025-02-05";"14";21950;"NORMALNE UŻYTKOWANIE";"2025-02-05 23:42"
"2025-02-05";"2025-02-05";"15";22163;"NORMALNE UŻYTKOWANIE";"2025-02-05 23:42"
"2025-02-05";"2025-02-05";"16";23038;"NORMALNE UŻYTKOWANIE";"2025-02-05 23:42"
"2025-02-05";"2025-02-05";"17";23975;"ZALECANE OSZCZĘDZANIE";"2025-02-05 23:42"
"2025-02-05";"2025-02-05";"18";23425;"ZALECANE OSZCZĘDZANIE";"2025-02-05 23:42"
"2025-02-05";"2025-02-05";"19";23288;"NORMALNE UŻYTKOWANIE";"2025-02-05 23:42"
"2025-02-05";"2025-02-05";"20";22863;"NORMALNE UŻYTKOWANIE";"2025-02-05 23:42"
"2025-02-05";"2025-02-05";"21";21138;"NORMALNE UŻYTKOWANIE";"2025-02-05 23:42"
"2025-02-05";"2025-02-05";"22";19500;"NORMALNE UŻYTKOWANIE";"2025-02-05 23:42"
"2025-02-05";"2025-02-05";"23";18063;"NORMALNE UŻYTKOWANIE";"2025-02-05 23:42"
"2025-02-06";"2025-02-06";"0";17113;"NORMALNE UŻYTKOWANIE";"2025-02-06 22:25"
"2025-02-06";"2025-02-06";"1";16675;"NORMALNE UŻYTKOWANIE";"2025-02-06 22:25"
"2025-02-06";"2025-02-06";"2";16550;"NORMALNE UŻYTKOWANIE";"2025-02-06 22:25"
"2025-02-06";"2025-02-06";"3";16588;"NORMALNE UŻYTKOWANIE";"2025-02-06 22:25"
"2025-02-06";"2025-02-06";"4";17013;"NORMALNE UŻYTKOWANIE";"2025-02-06 22:25"
"2025-02-06";"2025-02-06";"5";18263;"NORMALNE UŻYTKOWANIE";"2025-02-06 22:25"
"2025-02-06";"2025-02-06";"6";21113;"NORMALNE UŻYTKOWANIE";"2025-02-06 22:25"
"2025-02-06";"2025-02-06";"7";21925;"NORMALNE UŻYTKOWANIE";"2025-02-06 22:25"
"2025-02-06";"2025-02-06";"8";23238;"NORMALNE UŻYTKOWANIE";"2025-02-06 22:25"
"2025-02-06";"2025-02-06";"9";23625;"NORMALNE UŻYTKOWANIE";"2025-02-06 22:25"
"2025-02-06";"2025-02-06";"10";23650;"NORMALNE UŻYTKOWANIE";"2025-02-06 22:25"
"2025-02-06";"2025-02-06";"11";23800;"NORMALNE UŻYTKOWANIE";"2025-02-06 22:25"
"2025-02-06";"2025-02-06";"12";23850;"NORMALNE UŻYTKOWANIE";"2025-02-06 22:25"
"2025-02-06";"2025-02-06";"13";23613;"NORMALNE UŻYTKOWANIE";"2025-02-06 22:25"
"2025-02-06";"2025-02-06";"14";23575;"NORMALNE UŻYTKOWANIE";"2025-02-06 22:25"
"2025-02-06";"2025-02-06";"15";23225;"NORMALNE UŻYTKOWANIE";"2025-02-06 22:25"
"2025-02-06";"2025-02-06";"16";23488;"NORMALNE UŻYTKOWANIE";"2025-02-06 22:25"
"2025-02-06";"2025-02-06";"17";24050;"ZALECANE OSZCZĘDZANIE";"2025-02-06 22:25"
"2025-02-06";"2025-02-06";"18";23200;"ZALECANE OSZCZĘDZANIE";"2025-02-06 22:25"
"2025-02-06";"2025-02-06";"19";23200;"ZALECANE OSZCZĘDZANIE";"2025-02-06 22:25"
"2025-02-06";"2025-02-06";"20";22700;"NORMALNE UŻYTKOWANIE";"2025-02-06 22:25"
"2025-02-06";"2025-02-06";"21";21250;"NORMALNE UŻYTKOWANIE";"2025-02-06 22:25"
"2025-02-06";"2025-02-06";"22";19738;"NORMALNE UŻYTKOWANIE";"2025-02-06 22:25"
"2025-02-06";"2025-02-06";"23";18250;"NORMALNE UŻYTKOWANIE";"2025-02-06 22:25"
"2025-02-07";"2025-02-07";"0";17525;"NORMALNE UŻYTKOWANIE";"2025-02-07 23:22"
"2025-02-07";"2025-02-07";"1";17125;"NORMALNE UŻYTKOWANIE";"2025-02-07 23:22"
"2025-02-07";"2025-02-07";"2";17025;"NORMALNE UŻYTKOWANIE";"2025-02-07 23:22"
"2025-02-07";"2025-02-07";"3";17013;"NORMALNE UŻYTKOWANIE";"2025-02-07 23:22"
"2025-02-07";"2025-02-07";"4";17300;"NORMALNE UŻYTKOWANIE";"2025-02-07 23:22"
"2025-02-07";"2025-02-07";"5";18475;"NORMALNE UŻYTKOWANIE";"2025-02-07 23:22"
"2025-02-07";"2025-02-07";"6";21263;"ZALECANE OSZCZĘDZANIE";"2025-02-07 23:22"
"2025-02-07";"2025-02-07";"7";22725;"ZALECANE OSZCZĘDZANIE";"2025-02-07 23:22"
"2025-02-07";"2025-02-07";"8";23388;"ZALECANE OSZCZĘDZANIE";"2025-02-07 23:22"
"2025-02-07";"2025-02-07";"9";23638;"NORMALNE UŻYTKOWANIE";"2025-02-07 23:22"
"2025-02-07";"2025-02-07";"10";23000;"NORMALNE UŻYTKOWANIE";"2025-02-07 23:22"
"2025-02-07";"2025-02-07";"11";23763;"NORMALNE UŻYTKOWANIE";"2025-02-07 23:22"
"2025-02-07";"2025-02-07";"12";23400;"NORMALNE UŻYTKOWANIE";"2025-02-07 23:22"
"2025-02-07";"2025-02-07";"13";23525;"NORMALNE UŻYTKOWANIE";"2025-02-07 23:22"
"2025-02-07";"2025-02-07";"14";22913;"NORMALNE UŻYTKOWANIE";"2025-02-07 23:22"
"2025-02-07";"2025-02-07";"15";22850;"NORMALNE UŻYTKOWANIE";"2025-02-07 23:22"
"2025-02-07";"2025-02-07";"16";23200;"NORMALNE UŻYTKOWANIE";"2025-02-07 23:22"
"2025-02-07";"2025-02-07";"17";23563;"NORMALNE UŻYTKOWANIE";"2025-02-07 23:22"
"2025-02-07";"2025-02-07";"18";23413;"NORMALNE UŻYTKOWANIE";"2025-02-07 23:22"
"2025-02-07";"2025-02-07";"19";22963;"NORMALNE UŻYTKOWANIE";"2025-02-07 23:22"
"2025-02-07";"2025-02-07";"20";22388;"NORMALNE UŻYTKOWANIE";"2025-02-07 23:22"
"2025-02-07";"2025-02-07";"21";21113;"NORMALNE UŻYTKOWANIE";"2025-02-07 23:22"
"2025-02-07";"2025-02-07";"22";19663;"ZALECANE UŻYTKOWANIE";"2025-02-07 23:22"
"2025-02-07";"2025-02-07";"23";18450;"NORMALNE UŻYTKOWANIE";"2025-02-07 23:22"
"2025-02-08";"2025-02-08";"0";17075;"ZALECANE UŻYTKOWANIE";"2025-02-08 22:26"
"2025-02-08";"2025-02-08";"1";16525;"ZALECANE UŻYTKOWANIE";"2025-02-08 22:26"
"2025-02-08";"2025-02-08";"2";16213;"ZALECANE UŻYTKOWANIE";"2025-02-08 22:26"
"2025-02-08";"2025-02-08";"3";16138;"ZALECANE UŻYTKOWANIE";"2025-02-08 22:26"
"2025-02-08";"2025-02-08";"4";16338;"ZALECANE UŻYTKOWANIE";"2025-02-08 22:26"
"2025-02-08";"2025-02-08";"5";16675;"ZALECANE UŻYTKOWANIE";"2025-02-08 22:26"
"2025-02-08";"2025-02-08";"6";17550;"ZALECANE UŻYTKOWANIE";"2025-02-08 22:26"
"2025-02-08";"2025-02-08";"7";18313;"NORMALNE UŻYTKOWANIE";"2025-02-08 22:26"
"2025-02-08";"2025-02-08";"8";19350;"NORMALNE UŻYTKOWANIE";"2025-02-08 22:26"
"2025-02-08";"2025-02-08";"9";19375;"ZALECANE UŻYTKOWANIE";"2025-02-08 22:26"
"2025-02-08";"2025-02-08";"10";19400;"ZALECANE UŻYTKOWANIE";"2025-02-08 22:26"
"2025-02-08";"2025-02-08";"11";19338;"ZALECANE UŻYTKOWANIE";"2025-02-08 22:26"
"2025-02-08";"2025-02-08";"12";19338;"ZALECANE UŻYTKOWANIE";"2025-02-08 22:26"
"2025-02-08";"2025-02-08";"13";19100;"ZALECANE UŻYTKOWANIE";"2025-02-08 22:26"
"2025-02-08";"2025-02-08";"14";18688;"ZALECANE UŻYTKOWANIE";"2025-02-08 22:26"
"2025-02-08";"2025-02-08";"15";19525;"NORMALNE UŻYTKOWANIE";"2025-02-08 22:26"
"2025-02-08";"2025-02-08";"16";20400;"NORMALNE UŻYTKOWANIE";"2025-02-08 22:26"
"2025-02-08";"2025-02-08";"17";20575;"NORMALNE UŻYTKOWANIE";"2025-02-08 22:26"
"2025-02-08";"2025-02-08";"18";20350;"ZALECANE OSZCZĘDZANIE";"2025-02-08 22:26"
"2025-02-08";"2025-02-08";"19";20050;"NORMALNE UŻYTKOWANIE";"2025-02-08 22:26"
"2025-02-08";"2025-02-08";"20";19675;"NORMALNE UŻYTKOWANIE";"2025-02-08 22:26"
"2025-02-08";"2025-02-08";"21";18725;"ZALECANE OSZCZĘDZANIE";"2025-02-08 22:26"
"2025-02-08";"2025-02-08";"22";17750;"ZALECANE OSZCZĘDZANIE";"2025-02-08 22:26"
"2025-02-08";"2025-02-08";"23";16525;"NORMALNE UŻYTKOWANIE";"2025-02-08 22:26"
"2025-02-09";"2025-02-09";"0";15638;"NORMALNE UŻYTKOWANIE";"2025-02-09 23:44"
"2025-02-09";"2025-02-09";"1";15150;"NORMALNE UŻYTKOWANIE";"2025-02-09 23:44"
"2025-02-09";"2025-02-09";"2";14788;"NORMALNE UŻYTKOWANIE";"2025-02-09 23:44"
"2025-02-09";"2025-02-09";"3";14738;"NORMALNE UŻYTKOWANIE";"2025-02-09 23:44"
"2025-02-09";"2025-02-09";"4";14925;"NORMALNE UŻYTKOWANIE";"2025-02-09 23:44"
"2025-02-09";"2025-02-09";"5";15113;"NORMALNE UŻYTKOWANIE";"2025-02-09 23:44"
"2025-02-09";"2025-02-09";"6";15463;"NORMALNE UŻYTKOWANIE";"2025-02-09 23:44"
"2025-02-09";"2025-02-09";"7";15913;"NORMALNE UŻYTKOWANIE";"2025-02-09 23:44"
"2025-02-09";"2025-02-09";"8";16788;"ZALECANE OSZCZĘDZANIE";"2025-02-09 23:44"
"2025-02-09";"2025-02-09";"9";17138;"NORMALNE UŻYTKOWANIE";"2025-02-09 23:44"
"2025-02-09";"2025-02-09";"10";17900;"NORMALNE UŻYTKOWANIE";"2025-02-09 23:44"
"2025-02-09";"2025-02-09";"11";17450;"ZALECANE UŻYTKOWANIE";"2025-02-09 23:44"
"2025-02-09";"2025-02-09";"12";17313;"ZALECANE UŻYTKOWANIE";"2025-02-09 23:44"
"2025-02-09";"2025-02-09";"13";17725;"NORMALNE UŻYTKOWANIE";"2025-02-09 23:44"
"2025-02-09";"2025-02-09";"14";17925;"NORMALNE UŻYTKOWANIE";"2025-02-09 23:44"
"2025-02-09";"2025-02-09";"15";17925;"NORMALNE UŻYTKOWANIE";"2025-02-09 23:44"
"2025-02-09";"2025-02-09";"16";18738;"ZALECANE OSZCZĘDZANIE";"2025-02-09 23:44"
"2025-02-09";"2025-02-09";"17";19888;"ZALECANE OSZCZĘDZANIE";"2025-02-09 23:44"
"2025-02-09";"2025-02-09";"18";19850;"ZALECANE OSZCZĘDZANIE";"2025-02-09 23:44"
"2025-02-09";"2025-02-09";"19";19588;"ZALECANE OSZCZĘDZANIE";"2025-02-09 23:44"
"2025-02-09";"2025-02-09";"20";19000;"NORMALNE UŻYTKOWANIE";"2025-02-09 23:44"
"2025-02-09";"2025-02-09";"21";18238;"NORMALNE UŻYTKOWANIE";"2025-02-09 23:44"
"2025-02-09";"2025-02-09";"22";17463;"NORMALNE UŻYTKOWANIE";"2025-02-09 23:44"
"2025-02-09";"2025-02-09";"23";16613;"NORMALNE UŻYTKOWANIE";"2025-02-09 23:44"
"2025-02-10";"2025-02-10";"0";15963;"NORMALNE UŻYTKOWANIE";"2025-02-10 22:59"
"2025-02-10";"2025-02-10";"1";15200;"NORMALNE UŻYTKOWANIE";"2025-02-10 22:59"
"2025-02-10";"2025-02-10";"2";14925;"NORMALNE UŻYTKOWANIE";"2025-02-10 22:59"
"2025-02-10";"2025-02-10";"3";15150;"NORMALNE UŻYTKOWANIE";"2025-02-10 22:59"
"2025-02-10";"2025-02-10";"4";15738;"NORMALNE UŻYTKOWANIE";"2025-02-10 22:59"
"2025-02-10";"2025-02-10";"5";17350;"NORMALNE UŻYTKOWANIE";"2025-02-10 22:59"
"2025-02-10";"2025-02-10";"6";20775;"NORMALNE UŻYTKOWANIE";"2025-02-10 22:59"
"2025-02-10";"2025-02-10";"7";22438;"NORMALNE UŻYTKOWANIE";"2025-02-10 22:59"
"2025-02-10";"2025-02-10";"8";23238;"ZALECANE OSZCZĘDZANIE";"2025-02-10 22:59"
"2025-02-10";"2025-02-10";"9";22925;"NORMALNE UŻYTKOWANIE";"2025-02-10 22:59"
"2025-02-10";"2025-02-10";"10";22300;"NORMALNE UŻYTKOWANIE";"2025-02-10 22:59"
"2025-02-10";"2025-02-10";"11";21975;"NORMALNE UŻYTKOWANIE";"2025-02-10 22:59"
"2025-02-10";"2025-02-10";"12";21763;"ZALECANE UŻYTKOWANIE";"2025-02-10 22:59"
"2025-02-10";"2025-02-10";"13";21913;"ZALECANE UŻYTKOWANIE";"2025-02-10 22:59"
"2025-02-10";"2025-02-10";"14";22388;"NORMALNE UŻYTKOWANIE";"2025-02-10 22:59"
"2025-02-10";"2025-02-10";"15";22613;"NORMALNE UŻYTKOWANIE";"2025-02-10 22:59"
"2025-02-10";"2025-02-10";"16";23613;"ZALECANE OSZCZĘDZANIE";"2025-02-10 22:59"
"2025-02-10";"2025-02-10";"17";23850;"ZALECANE OSZCZĘDZANIE";"2025-02-10 22:59"
"2025-02-10";"2025-02-10";"18";23350;"NORMALNE UŻYTKOWANIE";"2025-02-10 22:59"
"2025-02-10";"2025-02-10";"19";23550;"NORMALNE UŻYTKOWANIE";"2025-02-10 22:59"
"2025-02-10";"2025-02-10";"20";23075;"NORMALNE UŻYTKOWANIE";"2025-02-10 22:59"
"2025-02-10";"2025-02-10";"21";21513;"NORMALNE UŻYTKOWANIE";"2025-02-10 22:59"
"2025-02-10";"2025-02-10";"22";20050;"NORMALNE UŻYTKOWANIE";"2025-02-10 22:59"
"2025-02-10";"2025-02-10";"23";18575;"ZALECANE UŻYTKOWANIE";"2025-02-10 22:59"
"2025-02-11";"2025-02-11";"0";17888;"NORMALNE UŻYTKOWANIE";"2025-02-11 23:50"
"2025-02-11";"2025-02-11";"1";17363;"NORMALNE UŻYTKOWANIE";"2025-02-11 23:50"
"2025-02-11";"2025-02-11";"2";17163;"ZALECANE UŻYTKOWANIE";"2025-02-11 23:50"
"2025-02-11";"2025-02-11";"3";17325;"NORMALNE UŻYTKOWANIE";"2025-02-11 23:50"
"2025-02-11";"2025-02-11";"4";17725;"NORMALNE UŻYTKOWANIE";"2025-02-11 23:50"
"2025-02-11";"2025-02-11";"5";19000;"NORMALNE UŻYTKOWANIE";"2025-02-11 23:50"
"2025-02-11";"2025-02-11";"6";22050;"NORMALNE UŻYTKOWANIE";"2025-02-11 23:50"
"2025-02-11";"2025-02-11";"7";23400;"ZALECANE OSZCZĘDZANIE";"2025-02-11 23:50"
"2025-02-11";"2025-02-11";"8";23963;"ZALECANE OSZCZĘDZANIE";"2025-02-11 23:50"
"2025-02-11";"2025-02-11";"9";23850;"NORMALNE UŻYTKOWANIE";"2025-02-11 23:50"
"2025-02-11";"2025-02-11";"10";23538;"NORMALNE UŻYTKOWANIE";"2025-02-11 23:50"
"2025-02-11";"2025-02-11";"11";23163;"NORMALNE UŻYTKOWANIE";"2025-02-11 23:50"
"2025-02-11";"2025-02-11";"12";23113;"NORMALNE UŻYTKOWANIE";"2025-02-11 23:50"
"2025-02-11";"2025-02-11";"13";22963;"NORMALNE UŻYTKOWANIE";"2025-02-11 23:50"
"2025-02-11";"2025-02-11";"14";22938;"NORMALNE UŻYTKOWANIE";"2025-02-11 23:50"
"2025-02-11";"2025-02-11";"15";23350;"NORMALNE UŻYTKOWANIE";"2025-02-11 23:50"
"2025-02-11";"2025-02-11";"16";23850;"ZALECANE OSZCZĘDZANIE";"2025-02-11 23:50"
"2025-02-11";"2025-02-11";"17";24563;"ZALECANE OSZCZĘDZANIE";"2025-02-11 23:50"
"2025-02-11";"2025-02-11";"18";24275;"ZALECANE OSZCZĘDZANIE";"2025-02-11 23:50"
"2025-02-11";"2025-02-11";"19";24175;"ZALECANE OSZCZĘDZANIE";"2025-02-11 23:50"
"2025-02-11";"2025-02-11";"20";23450;"NORMALNE UŻYTKOWANIE";"2025-02-11 23:50"
"2025-02-11";"2025-02-11";"21";22088;"NORMALNE UŻYTKOWANIE";"2025-02-11 23:50"
"2025-02-11";"2025-02-11";"22";20675;"NORMALNE UŻYTKOWANIE";"2025-02-11 23:50"
"2025-02-11";"2025-02-11";"23";19275;"NORMALNE UŻYTKOWANIE";"2025-02-11 23:50"
"2025-02-12";"2025-02-12";"0";18113;"NORMALNE UŻYTKOWANIE";"2025-02-12 22:57"
"2025-02-12";"2025-02-12";"1";17850;"NORMALNE UŻYTKOWANIE";"2025-02-12 22:57"
"2025-02-12";"2025-02-12";"2";17625;"NORMALNE UŻYTKOWANIE";"2025-02-12 22:57"
"2025-02-12";"2025-02-12";"3";17675;"NORMALNE UŻYTKOWANIE";"2025-02-12 22:57"
"2025-02-12";"2025-02-12";"4";18263;"NORMALNE UŻYTKOWANIE";"2025-02-12 22:57"
"2025-02-12";"2025-02-12";"5";19175;"NORMALNE UŻYTKOWANIE";"2025-02-12 22:57"
"2025-02-12";"2025-02-12";"6";22300;"NORMALNE UŻYTKOWANIE";"2025-02-12 22:57"
"2025-02-12";"2025-02-12";"7";23425;"NORMALNE UŻYTKOWANIE";"2025-02-12 22:57"
"2025-02-12";"2025-02-12";"8";24400;"NORMALNE UŻYTKOWANIE";"2025-02-12 22:57"
"2025-02-12";"2025-02-12";"9";24213;"NORMALNE UŻYTKOWANIE";"2025-02-12 22:57"
"2025-02-12";"2025-02-12";"10";23363;"NORMALNE UŻYTKOWANIE";"2025-02-12 22:57"
"2025-02-12";"2025-02-12";"11";23238;"NORMALNE UŻYTKOWANIE";"2025-02-12 22:57"
"2025-02-12";"2025-02-12";"12";23288;"NORMALNE UŻYTKOWANIE";"2025-02-12 22:57"
"2025-02-12";"2025-02-12";"13";23238;"NORMALNE UŻYTKOWANIE";"2025-02-12 22:57"
"2025-02-12";"2025-02-12";"14";23400;"NORMALNE UŻYTKOWANIE";"2025-02-12 22:57"
"2025-02-12";"2025-02-12";"15";23763;"NORMALNE UŻYTKOWANIE";"2025-02-12 22:57"
"2025-02-12";"2025-02-12";"16";24488;"ZALECANE OSZCZĘDZANIE";"2025-02-12 22:57"
"2025-02-12";"2025-02-12";"17";25175;"ZALECANE OSZCZĘDZANIE";"2025-02-12 22:57"
"2025-02-12";"2025-02-12";"18";24213;"ZALECANE OSZCZĘDZANIE";"2025-02-12 22:57"
"2025-02-12";"2025-02-12";"19";23925;"NORMALNE UŻYTKOWANIE";"2025-02-12 22:57"
"2025-02-12";"2025-02-12";"20";23263;"NORMALNE UŻYTKOWANIE";"2025-02-12 22:57"
"2025-02-12";"2025-02-12";"21";21363;"NORMALNE UŻYTKOWANIE";"2025-02-12 22:57"
"2025-02-12";"2025-02-12";"22";20263;"NORMALNE UŻYTKOWANIE";"2025-02-12 22:57"
"2025-02-12";"2025-02-12";"23";18863;"NORMALNE UŻYTKOWANIE";"2025-02-12 22:57"
"2025-02-13";"2025-02-13";"0";18163;"NORMALNE UŻYTKOWANIE";"2025-02-13 22:25"
"2025-02-13";"2025-02-13";"1";17725;"NORMALNE UŻYTKOWANIE";"2025-02-13 22:25"
"2025-02-13";"2025-02-13";"2";17188;"NORMALNE UŻYTKOWANIE";"2025-02-13 22:25"
"2025-02-13";"2025-02-13";"3";17438;"NORMALNE UŻYTKOWANIE";"2025-02-13 22:25"
"2025-02-13";"2025-02-13";"4";18113;"NORMALNE UŻYTKOWANIE";"2025-02-13 22:25"
"2025-02-13";"2025-02-13";"5";19000;"NORMALNE UŻYTKOWANIE";"2025-02-13 22:25"
"2025-02-13";"2025-02-13";"6";21775;"NORMALNE UŻYTKOWANIE";"2025-02-13 22:25"
"2025-02-13";"2025-02-13";"7";23475;"ZALECANE OSZCZĘDZANIE";"2025-02-13 22:25"
"2025-02-13";"2025-02-13";"8";24338;"NORMALNE UŻYTKOWANIE";"2025-02-13 22:25"
"2025-02-13";"2025-02-13";"9";24238;"NORMALNE UŻYTKOWANIE";"2025-02-13 22:25"
"2025-02-13";"2025-02-13";"10";23775;"NORMALNE UŻYTKOWANIE";"2025-02-13 22:25"
"2025-02-13";"2025-02-13";"11";23938;"NORMALNE UŻYTKOWANIE";"2025-02-13 22:25"
"2025-02-13";"2025-02-13";"12";23725;"NORMALNE UŻYTKOWANIE";"2025-02-13 22:25"
"2025-02-13";"2025-02-13";"13";23725;"NORMALNE UŻYTKOWANIE";"2025-02-13 22:25"
"2025-02-13";"2025-02-13";"14";23700;"NORMALNE UŻYTKOWANIE";"2025-02-13 22:25"
"2025-02-13";"2025-02-13";"15";23713;"ZALECANE OSZCZĘDZANIE";"2025-02-13 22:25"
"2025-02-13";"2025-02-13";"16";23638;"ZALECANE OSZCZĘDZANIE";"2025-02-13 22:25"
"2025-02-13";"2025-02-13";"17";24113;"NORMALNE UŻYTKOWANIE";"2025-02-13 22:25"
"2025-02-13";"2025-02-13";"18";23988;"NORMALNE UŻYTKOWANIE";"2025-02-13 22:25"
"2025-02-13";"2025-02-13";"19";23863;"NORMALNE UŻYTKOWANIE";"2025-02-13 22:25"
"2025-02-13";"2025-02-13";"20";23313;"NORMALNE UŻYTKOWANIE";"2025-02-13 22:25"
"2025-02-13";"2025-02-13";"21";21825;"NORMALNE UŻYTKOWANIE";"2025-02-13 22:25"
"2025-02-13";"2025-02-13";"22";20538;"NORMALNE UŻYTKOWANIE";"2025-02-13 22:25"
"2025-02-13";"2025-02-13";"23";18950;"NORMALNE UŻYTKOWANIE";"2025-02-13 22:25"
"2025-02-14";"2025-02-14";"0";17838;"NORMALNE UŻYTKOWANIE";"2025-02-15 00:26"
"2025-02-14";"2025-02-14";"1";17325;"NORMALNE UŻYTKOWANIE";"2025-02-15 00:26"
"2025-02-14";"2025-02-14";"2";17000;"NORMALNE UŻYTKOWANIE";"2025-02-15 00:26"
"2025-02-14";"2025-02-14";"3";17113;"NORMALNE UŻYTKOWANIE";"2025-02-15 00:26"
"2025-02-14";"2025-02-14";"4";17450;"NORMALNE UŻYTKOWANIE";"2025-02-15 00:26"
"2025-02-14";"2025-02-14";"5";18425;"NORMALNE UŻYTKOWANIE";"2025-02-15 00:26"
"2025-02-14";"2025-02-14";"6";21450;"NORMALNE UŻYTKOWANIE";"2025-02-15 00:26"
"2025-02-14";"2025-02-14";"7";23025;"NORMALNE UŻYTKOWANIE";"2025-02-15 00:26"
"2025-02-14";"2025-02-14";"8";24088;"NORMALNE UŻYTKOWANIE";"2025-02-15 00:26"
"2025-02-14";"2025-02-14";"9";24225;"ZALECANE OSZCZĘDZANIE";"2025-02-15 00:26"
"2025-02-14";"2025-02-14";"10";24225;"ZALECANE OSZCZĘDZANIE";"2025-02-15 00:26"
"2025-02-14";"2025-02-14";"11";24138;"ZALECANE OSZCZĘDZANIE";"2025-02-15 00:26"
"2025-02-14";"2025-02-14";"12";24288;"ZALECANE OSZCZĘDZANIE";"2025-02-15 00:26"
"2025-02-14";"2025-02-14";"13";24163;"ZALECANE OSZCZĘDZANIE";"2025-02-15 00:26"
"2025-02-14";"2025-02-14";"14";23950;"ZALECANE OSZCZĘDZANIE";"2025-02-15 00:26"
"2025-02-14";"2025-02-14";"15";23713;"NORMALNE UŻYTKOWANIE";"2025-02-15 00:26"
"2025-02-14";"2025-02-14";"16";23788;"NORMALNE UŻYTKOWANIE";"2025-02-15 00:26"
"2025-02-14";"2025-02-14";"17";24050;"NORMALNE UŻYTKOWANIE";"2025-02-15 00:26"
"2025-02-14";"2025-02-14";"18";23950;"NORMALNE UŻYTKOWANIE";"2025-02-15 00:26"
"2025-02-14";"2025-02-14";"19";23538;"NORMALNE UŻYTKOWANIE";"2025-02-15 00:26"
"2025-02-14";"2025-02-14";"20";23075;"NORMALNE UŻYTKOWANIE";"2025-02-15 00:26"
"2025-02-14";"2025-02-14";"21";21638;"NORMALNE UŻYTKOWANIE";"2025-02-15 00:26"
"2025-02-14";"2025-02-14";"22";20188;"NORMALNE UŻYTKOWANIE";"2025-02-15 00:26"
"2025-02-14";"2025-02-14";"23";18650;"NORMALNE UŻYTKOWANIE";"2025-02-15 00:26"
"2025-02-15";"2025-02-15";"0";17350;"NORMALNE UŻYTKOWANIE";"2025-02-16 04:27"
"2025-02-15";"2025-02-15";"1";17138;"NORMALNE UŻYTKOWANIE";"2025-02-16 04:27"
"2025-02-15";"2025-02-15";"2";16938;"NORMALNE UŻYTKOWANIE";"2025-02-16 04:27"
"2025-02-15";"2025-02-15";"3";16825;"NORMALNE UŻYTKOWANIE";"2025-02-16 04:27"
"2025-02-15";"2025-02-15";"4";16863;"NORMALNE UŻYTKOWANIE";"2025-02-16 04:27"
"2025-02-15";"2025-02-15";"5";17125;"NORMALNE UŻYTKOWANIE";"2025-02-16 04:27"
"2025-02-15";"2025-02-15";"6";18125;"NORMALNE UŻYTKOWANIE";"2025-02-16 04:27"
"2025-02-15";"2025-02-15";"7";19025;"NORMALNE UŻYTKOWANIE";"2025-02-16 04:27"
"2025-02-15";"2025-02-15";"8";20175;"ZALECANE OSZCZĘDZANIE";"2025-02-16 04:27"
"2025-02-15";"2025-02-15";"9";20725;"NORMALNE UŻYTKOWANIE";"2025-02-16 04:27"
"2025-02-15";"2025-02-15";"10";21238;"ZALECANE OSZCZĘDZANIE";"2025-02-16 04:27"
"2025-02-15";"2025-02-15";"11";21100;"NORMALNE UŻYTKOWANIE";"2025-02-16 04:27"
"2025-02-15";"2025-02-15";"12";21263;"NORMALNE UŻYTKOWANIE";"2025-02-16 04:27"
"2025-02-15";"2025-02-15";"13";21175;"NORMALNE UŻYTKOWANIE";"2025-02-16 04:27"
"2025-02-15";"2025-02-15";"14";20663;"NORMALNE UŻYTKOWANIE";"2025-02-16 04:27"
"2025-02-15";"2025-02-15";"15";20750;"NORMALNE UŻYTKOWANIE";"2025-02-16 04:27"
"2025-02-15";"2025-02-15";"16";21100;"NORMALNE UŻYTKOWANIE";"2025-02-16 04:27"
"2025-02-15";"2025-02-15";"17";21788;"ZALECANE OSZCZĘDZANIE";"2025-02-16 04:27"
"2025-02-15";"2025-02-15";"18";21500;"ZALECANE OSZCZĘDZANIE";"2025-02-16 04:27"
"2025-02-15";"2025-02-15";"19";21188;"ZALECANE OSZCZĘDZANIE";"2025-02-16 04:27"
"2025-02-15";"2025-02-15";"20";20500;"NORMALNE UŻYTKOWANIE";"2025-02-16 04:27"
"2025-02-15";"2025-02-15";"21";19375;"NORMALNE UŻYTKOWANIE";"2025-02-16 04:27"
"2025-02-15";"2025-02-15";"22";18475;"NORMALNE UŻYTKOWANIE";"2025-02-16 04:27"
"2025-02-15";"2025-02-15";"23";17175;"NORMALNE UŻYTKOWANIE";"2025-02-16 04:27"
"2025-02-16";"2025-02-16";"0";16600;"NORMALNE UŻYTKOWANIE";"2025-02-17 16:20"
"2025-02-16";"2025-02-16";"1";16050;"NORMALNE UŻYTKOWANIE";"2025-02-17 16:20"
"2025-02-16";"2025-02-16";"2";15813;"NORMALNE UŻYTKOWANIE";"2025-02-17 16:20"
"2025-02-16";"2025-02-16";"3";15850;"NORMALNE UŻYTKOWANIE";"2025-02-17 16:20"
"2025-02-16";"2025-02-16";"4";15863;"NORMALNE UŻYTKOWANIE";"2025-02-17 16:20"
"2025-02-16";"2025-02-16";"5";16075;"NORMALNE UŻYTKOWANIE";"2025-02-17 16:20"
"2025-02-16";"2025-02-16";"6";16635;"NORMALNE UŻYTKOWANIE";"2025-02-17 16:20"
"2025-02-16";"2025-02-16";"7";17507;"NORMALNE UŻYTKOWANIE";"2025-02-17 16:20"
"2025-02-16";"2025-02-16";"8";17788;"NORMALNE UŻYTKOWANIE";"2025-02-17 16:20"
"2025-02-16";"2025-02-16";"9";18413;"NORMALNE UŻYTKOWANIE";"2025-02-17 16:20"
"2025-02-16";"2025-02-16";"10";18550;"NORMALNE UŻYTKOWANIE";"2025-02-17 16:20"
"2025-02-16";"2025-02-16";"11";18788;"NORMALNE UŻYTKOWANIE";"2025-02-17 16:20"
"2025-02-16";"2025-02-16";"12";18525;"ZALECANE UŻYTKOWANIE";"2025-02-17 16:20"
"2025-02-16";"2025-02-16";"13";18675;"ZALECANE UŻYTKOWANIE";"2025-02-17 16:20"
"2025-02-16";"2025-02-16";"14";18563;"NORMALNE UŻYTKOWANIE";"2025-02-17 16:20"
"2025-02-16";"2025-02-16";"15";18500;"NORMALNE UŻYTKOWANIE";"2025-02-17 16:20"
"2025-02-16";"2025-02-16";"16";18838;"NORMALNE UŻYTKOWANIE";"2025-02-17 16:20"
"2025-02-16";"2025-02-16";"17";19988;"NORMALNE UŻYTKOWANIE";"2025-02-17 16:20"
"2025-02-16";"2025-02-16";"18";20563;"ZALECANE OSZCZĘDZANIE";"2025-02-17 16:20"
"2025-02-16";"2025-02-16";"19";20488;"ZALECANE OSZCZĘDZANIE";"2025-02-17 16:20"
"2025-02-16";"2025-02-16";"20";20300;"ZALECANE OSZCZĘDZANIE";"2025-02-17 16:20"
"2025-02-16";"2025-02-16";"21";19350;"NORMALNE UŻYTKOWANIE";"2025-02-17 16:20"
"2025-02-16";"2025-02-16";"22";18625;"NORMALNE UŻYTKOWANIE";"2025-02-17 16:20"
"2025-02-16";"2025-02-16";"23";17538;"NORMALNE UŻYTKOWANIE";"2025-02-17 16:20"
"2025-02-17";"2025-02-17";"0";17050;"NORMALNE UŻYTKOWANIE";"2025-02-17 22:23"
"2025-02-17";"2025-02-17";"1";16950;"NORMALNE UŻYTKOWANIE";"2025-02-17 22:23"
"2025-02-17";"2025-02-17";"2";16900;"NORMALNE UŻYTKOWANIE";"2025-02-17 22:23"
"2025-02-17";"2025-02-17";"3";16963;"NORMALNE UŻYTKOWANIE";"2025-02-17 22:23"
"2025-02-17";"2025-02-17";"4";17313;"NORMALNE UŻYTKOWANIE";"2025-02-17 22:23"
"2025-02-17";"2025-02-17";"5";18538;"NORMALNE UŻYTKOWANIE";"2025-02-17 22:23"
"2025-02-17";"2025-02-17";"6";21950;"NORMALNE UŻYTKOWANIE";"2025-02-17 22:23"
"2025-02-17";"2025-02-17";"7";23700;"NORMALNE UŻYTKOWANIE";"2025-02-17 22:23"
"2025-02-17";"2025-02-17";"8";24713;"NORMALNE UŻYTKOWANIE";"2025-02-17 22:23"
"2025-02-17";"2025-02-17";"9";24163;"NORMALNE UŻYTKOWANIE";"2025-02-17 22:23"
"2025-02-17";"2025-02-17";"10";24000;"NORMALNE UŻYTKOWANIE";"2025-02-17 22:23"
"2025-02-17";"2025-02-17";"11";23638;"ZALECANE UŻYTKOWANIE";"2025-02-17 22:23"
"2025-02-17";"2025-02-17";"12";22938;"ZALECANE UŻYTKOWANIE";"2025-02-17 22:23"
"2025-02-17";"2025-02-17";"13";22575;"ZALECANE UŻYTKOWANIE";"2025-02-17 22:23"
"2025-02-17";"2025-02-17";"14";22850;"ZALECANE UŻYTKOWANIE";"2025-02-17 22:23"
"2025-02-17";"2025-02-17";"15";23425;"NORMALNE UŻYTKOWANIE";"2025-02-17 22:23"
"2025-02-17";"2025-02-17";"16";23713;"NORMALNE UŻYTKOWANIE";"2025-02-17 22:23"
"2025-02-17";"2025-02-17";"17";24988;"ZALECANE OSZCZĘDZANIE";"2025-02-17 22:23"
"2025-02-17";"2025-02-17";"18";24488;"ZALECANE OSZCZĘDZANIE";"2025-02-17 22:23"
"2025-02-17";"2025-02-17";"19";24175;"ZALECANE OSZCZĘDZANIE";"2025-02-17 22:23"
"2025-02-17";"2025-02-17";"20";23750;"NORMALNE UŻYTKOWANIE";"2025-02-17 22:23"
"2025-02-17";"2025-02-17";"21";22613;"NORMALNE UŻYTKOWANIE";"2025-02-17 22:23"
"2025-02-17";"2025-02-17";"22";21100;"NORMALNE UŻYTKOWANIE";"2025-02-17 22:23"
"2025-02-17";"2025-02-17";"23";19750;"NORMALNE UŻYTKOWANIE";"2025-02-17 22:23"
"2025-02-18";"2025-02-18";"0";18938;"NORMALNE UŻYTKOWANIE";"2025-02-18 22:40"
"2025-02-18";"2025-02-18";"1";18463;"NORMALNE UŻYTKOWANIE";"2025-02-18 22:40"
"2025-02-18";"2025-02-18";"2";18250;"NORMALNE UŻYTKOWANIE";"2025-02-18 22:40"
"2025-02-18";"2025-02-18";"3";18300;"NORMALNE UŻYTKOWANIE";"2025-02-18 22:40"
"2025-02-18";"2025-02-18";"4";18700;"NORMALNE UŻYTKOWANIE";"2025-02-18 22:40"
"2025-02-18";"2025-02-18";"5";20000;"NORMALNE UŻYTKOWANIE";"2025-02-18 22:40"
"2025-02-18";"2025-02-18";"6";22550;"NORMALNE UŻYTKOWANIE";"2025-02-18 22:40"
"2025-02-18";"2025-02-18";"7";24250;"NORMALNE UŻYTKOWANIE";"2025-02-18 22:40"
"2025-02-18";"2025-02-18";"8";24488;"NORMALNE UŻYTKOWANIE";"2025-02-18 22:40"
"2025-02-18";"2025-02-18";"9";24625;"NORMALNE UŻYTKOWANIE";"2025-02-18 22:40"
"2025-02-18";"2025-02-18";"10";24625;"NORMALNE UŻYTKOWANIE";"2025-02-18 22:40"
"2025-02-18";"2025-02-18";"11";24075;"NORMALNE UŻYTKOWANIE";"2025-02-18 22:40"
"2025-02-18";"2025-02-18";"12";24188;"NORMALNE UŻYTKOWANIE";"2025-02-18 22:40"
"2025-02-18";"2025-02-18";"13";24180;"NORMALNE UŻYTKOWANIE";"2025-02-18 22:40"
"2025-02-18";"2025-02-18";"14";23875;"NORMALNE UŻYTKOWANIE";"2025-02-18 22:40"
"2025-02-18";"2025-02-18";"15";24042;"NORMALNE UŻYTKOWANIE";"2025-02-18 22:40"
"2025-02-18";"2025-02-18";"16";24609;"ZALECANE OSZCZĘDZANIE";"2025-02-18 22:40"
"2025-02-18";"2025-02-18";"17";25122;"ZALECANE OSZCZĘDZANIE";"2025-02-18 22:40"
"2025-02-18";"2025-02-18";"18";24350;"ZALECANE OSZCZĘDZANIE";"2025-02-18 22:40"
"2025-02-18";"2025-02-18";"19";24213;"NORMALNE UŻYTKOWANIE";"2025-02-18 22:40"
"2025-02-18";"2025-02-18";"20";23575;"NORMALNE UŻYTKOWANIE";"2025-02-18 22:40"
"2025-02-18";"2025-02-18";"21";22050;"NORMALNE UŻYTKOWANIE";"2025-02-18 22:40"
"2025-02-18";"2025-02-18";"22";20475;"NORMALNE UŻYTKOWANIE";"2025-02-18 22:40"
"2025-02-18";"2025-02-18";"23";19213;"NORMALNE UŻYTKOWANIE";"2025-02-18 22:40"
"2025-02-19";"2025-02-19";"0";18713;"NORMALNE UŻYTKOWANIE";"2025-02-19 23:13"
"2025-02-19";"2025-02-19";"1";18063;"NORMALNE UŻYTKOWANIE";"2025-02-19 23:13"
"2025-02-19";"2025-02-19";"2";17850;"NORMALNE UŻYTKOWANIE";"2025-02-19 23:13"
"2025-02-19";"2025-02-19";"3";17863;"NORMALNE UŻYTKOWANIE";"2025-02-19 23:13"
"2025-02-19";"2025-02-19";"4";18225;"NORMALNE UŻYTKOWANIE";"2025-02-19 23:13"
"2025-02-19";"2025-02-19";"5";19425;"NORMALNE UŻYTKOWANIE";"2025-02-19 23:13"
"2025-02-19";"2025-02-19";"6";22075;"NORMALNE UŻYTKOWANIE";"2025-02-19 23:13"
"2025-02-19";"2025-02-19";"7";23600;"ZALECANE OSZCZĘDZANIE";"2025-02-19 23:13"
"2025-02-19";"2025-02-19";"8";24488;"NORMALNE UŻYTKOWANIE";"2025-02-19 23:13"
"2025-02-19";"2025-02-19";"9";24225;"NORMALNE UŻYTKOWANIE";"2025-02-19 23:13"
"2025-02-19";"2025-02-19";"10";24138;"NORMALNE UŻYTKOWANIE";"2025-02-19 23:13"
"2025-02-19";"2025-02-19";"11";23800;"NORMALNE UŻYTKOWANIE";"2025-02-19 23:13"
"2025-02-19";"2025-02-19";"12";23313;"NORMALNE UŻYTKOWANIE";"2025-02-19 23:13"
"2025-02-19";"2025-02-19";"13";23600;"NORMALNE UŻYTKOWANIE";"2025-02-19 23:13"
"2025-02-19";"2025-02-19";"14";23475;"NORMALNE UŻYTKOWANIE";"2025-02-19 23:13"
"2025-02-19";"2025-02-19";"15";23750;"NORMALNE UŻYTKOWANIE";"2025-02-19 23:13"
"2025-02-19";"2025-02-19";"16";24000;"NORMALNE UŻYTKOWANIE";"2025-02-19 23:13"
"2025-02-19";"2025-02-19";"17";24575;"ZALECANE OSZCZĘDZANIE";"2025-02-19 23:13"
"2025-02-19";"2025-02-19";"18";24400;"ZALECANE OSZCZĘDZANIE";"2025-02-19 23:13"
"2025-02-19";"2025-02-19";"19";24500;"ZALECANE OSZCZĘDZANIE";"2025-02-19 23:13"
"2025-02-19";"2025-02-19";"20";23838;"ZALECANE OSZCZĘDZANIE";"2025-02-19 23:13"
"2025-02-19";"2025-02-19";"21";22375;"NORMALNE UŻYTKOWANIE";"2025-02-19 23:13"
"2025-02-19";"2025-02-19";"22";21000;"NORMALNE UŻYTKOWANIE";"2025-02-19 23:13"
"2025-02-19";"2025-02-19";"23";19588;"NORMALNE UŻYTKOWANIE";"2025-02-19 23:13"
"2025-02-20";"2025-02-20";"0";18438;"NORMALNE UŻYTKOWANIE";"2025-02-20 22:53"
"2025-02-20";"2025-02-20";"1";18088;"NORMALNE UŻYTKOWANIE";"2025-02-20 22:53"
"2025-02-20";"2025-02-20";"2";17850;"NORMALNE UŻYTKOWANIE";"2025-02-20 22:53"
"2025-02-20";"2025-02-20";"3";17925;"NORMALNE UŻYTKOWANIE";"2025-02-20 22:53"
"2025-02-20";"2025-02-20";"4";18550;"NORMALNE UŻYTKOWANIE";"2025-02-20 22:53"
"2025-02-20";"2025-02-20";"5";19638;"NORMALNE UŻYTKOWANIE";"2025-02-20 22:53"
"2025-02-20";"2025-02-20";"6";22200;"ZALECANE OSZCZĘDZANIE";"2025-02-20 22:53"
"2025-02-20";"2025-02-20";"7";24175;"ZALECANE OSZCZĘDZANIE";"2025-02-20 22:53"
"2025-02-20";"2025-02-20";"8";24388;"NORMALNE UŻYTKOWANIE";"2025-02-20 22:53"
"2025-02-20";"2025-02-20";"9";24025;"NORMALNE UŻYTKOWANIE";"2025-02-20 22:53"
"2025-02-20";"2025-02-20";"10";23600;"NORMALNE UŻYTKOWANIE";"2025-02-20 22:53"
"2025-02-20";"2025-02-20";"11";22450;"ZALECANE UŻYTKOWANIE";"2025-02-20 22:53"
"2025-02-20";"2025-02-20";"12";22313;"ZALECANE UŻYTKOWANIE";"2025-02-20 22:53"
"2025-02-20";"2025-02-20";"13";22200;"ZALECANE UŻYTKOWANIE";"2025-02-20 22:53"
"2025-02-20";"2025-02-20";"14";22413;"NORMALNE UŻYTKOWANIE";"2025-02-20 22:53"
"2025-02-20";"2025-02-20";"15";22600;"NORMALNE UŻYTKOWANIE";"2025-02-20 22:53"
"2025-02-20";"2025-02-20";"16";23700;"NORMALNE UŻYTKOWANIE";"2025-02-20 22:53"
"2025-02-20";"2025-02-20";"17";24100;"ZALECANE OSZCZĘDZANIE";"2025-02-20 22:53"
"2025-02-20";"2025-02-20";"18";23875;"NORMALNE UŻYTKOWANIE";"2025-02-20 22:53"
"2025-02-20";"2025-02-20";"19";23950;"NORMALNE UŻYTKOWANIE";"2025-02-20 22:53"
"2025-02-20";"2025-02-20";"20";23338;"NORMALNE UŻYTKOWANIE";"2025-02-20 22:53"
"2025-02-20";"2025-02-20";"21";21625;"NORMALNE UŻYTKOWANIE";"2025-02-20 22:53"
"2025-02-20";"2025-02-20";"22";20075;"NORMALNE UŻYTKOWANIE";"2025-02-20 22:53"
"2025-02-20";"2025-02-20";"23";18813;"ZALECANE UŻYTKOWANIE";"2025-02-20 22:53"
"2025-02-21";"2025-02-21";"0";17938;"ZALECANE UŻYTKOWANIE";"2025-02-21 22:34"
"2025-02-21";"2025-02-21";"1";17375;"ZALECANE UŻYTKOWANIE";"2025-02-21 22:34"
"2025-02-21";"2025-02-21";"2";17300;"ZALECANE UŻYTKOWANIE";"2025-02-21 22:34"
"2025-02-21";"2025-02-21";"3";17350;"ZALECANE UŻYTKOWANIE";"2025-02-21 22:34"
"2025-02-21";"2025-02-21";"4";17938;"ZALECANE UŻYTKOWANIE";"2025-02-21 22:34"
"2025-02-21";"2025-02-21";"5";19100;"NORMALNE UŻYTKOWANIE";"2025-02-21 22:34"
"2025-02-21";"2025-02-21";"6";21500;"NORMALNE UŻYTKOWANIE";"2025-02-21 22:34"
"2025-02-21";"2025-02-21";"7";22938;"NORMALNE UŻYTKOWANIE";"2025-02-21 22:34"
"2025-02-21";"2025-02-21";"8";23775;"NORMALNE UŻYTKOWANIE";"2025-02-21 22:34"
"2025-02-21";"2025-02-21";"9";23338;"NORMALNE UŻYTKOWANIE";"2025-02-21 22:34"
"2025-02-21";"2025-02-21";"10";22263;"ZALECANE UŻYTKOWANIE";"2025-02-21 22:34"
"2025-02-21";"2025-02-21";"11";22225;"ZALECANE UŻYTKOWANIE";"2025-02-21 22:34"
"2025-02-21";"2025-02-21";"12";22213;"ZALECANE UŻYTKOWANIE";"2025-02-21 22:34"
"2025-02-21";"2025-02-21";"13";22363;"ZALECANE UŻYTKOWANIE";"2025-02-21 22:34"
"2025-02-21";"2025-02-21";"14";22638;"NORMALNE UŻYTKOWANIE";"2025-02-21 22:34"
"2025-02-21";"2025-02-21";"15";22775;"NORMALNE UŻYTKOWANIE";"2025-02-21 22:34"
"2025-02-21";"2025-02-21";"16";23225;"NORMALNE UŻYTKOWANIE";"2025-02-21 22:34"
"2025-02-21";"2025-02-21";"17";23675;"ZALECANE OSZCZĘDZANIE";"2025-02-21 22:34"
"2025-02-21";"2025-02-21";"18";23625;"ZALECANE OSZCZĘDZANIE";"2025-02-21 22:34"
"2025-02-21";"2025-02-21";"19";23375;"ZALECANE OSZCZĘDZANIE";"2025-02-21 22:34"
"2025-02-21";"2025-02-21";"20";22488;"NORMALNE UŻYTKOWANIE";"2025-02-21 22:34"
"2025-02-21";"2025-02-21";"21";21025;"NORMALNE UŻYTKOWANIE";"2025-02-21 22:34"
"2025-02-21";"2025-02-21";"22";19450;"NORMALNE UŻYTKOWANIE";"2025-02-21 22:34"
"2025-02-21";"2025-02-21";"23";18713;"NORMALNE UŻYTKOWANIE";"2025-02-21 22:34"